---
layout: null
---
<?xml version="1.0" encoding="utf-8"?>
<feed xmlns="http://www.w3.org/2005/Atom">

    <title>Hossein Karami</title>
    <link href="http://hosseinkarami.com/feed.xml" rel="self" />
    <link href="http://hosseinkarami.com/" />
    <updated>{{ site.time | date_to_xmlschema }}</updated>
    <id>http://hosseinkarami.com</id>
    <author>
        <name>Hossein Karami</name>
        <email>hi@hosseinkarami.com</email>
    </author>

    {% for post in site.posts limit: 10 %}
    <entry>
        <title>{{ post.title }}</title>
        <link href="http://www.hosseinkarami.com{{ post.url }}" />
        <updated>{{ post.date | date_to_xmlschema }}</updated>
        <id>http://hosseinkarami.com{{ post.id }}</id>
        <content type="html">{{ post.content | xml_escape }}</content>
    </entry>
    {% endfor %}

</feed>
